[
    {
        "actionName": "vuser_init",
        "steps": [
            {
                "stepId": "STEP1",
                "stepName": "Url: thinking-tester-contact-list.herokuapp.com",
                "infFile": "t1.inf",
                "time": 1708770333949
            },
            {
                "stepId": "STEP2",
                "stepName": "Custom Request: json",
                "infFile": "t2.inf",
                "time": 1708770453981
            }
        ],
        "transactions": []
    }
]