[{"_id":"65d98855c0d7050013a34319","firstName":"Maria","lastName":"Augustine","owner":"65d9883cc0d7050013a34317","__v":0},{"_id":"65d98b8feaa4ad00131e5adf","firstName":"Anju","lastName":"Rajan","email":"anju@gmail.com","owner":"65d9883cc0d7050013a34317","__v":0},{"_id":"65d9a610c0d7050013a344a9","firstName":"indu","lastName":"ab","email":"indu@gmail.com","owner":"65d9883cc0d7050013a34317","__v":0},{"_id":"65d9a735eaa4ad00131e5c98","firstName":"indu","lastName":"ab","email":"indu@gmail.com","owner":"65d9883cc0d7050013a34317","__v":0},{"_id":"65d9a8f9c0d7050013a3451c","firstName":"indu","lastName":"ab","email":"indu@gmail.com","owner":"65d9883cc0d7050013a34317","__v":0},{"_id":"65d9aa41c0d7050013a3452f","firstName":"indu","lastName":"ab","email":"indu@gmail.com","owner":"65d9883cc0d7050013a34317","__v":0},{"_id":"65d9ad70eaa4ad00131e5d37","firstName":"indu","lastName":"ab","email":"indu@gmail.com","owner":"65d9883cc0d7050013a34317","__v":0},{"_id":"65d9ad7dc0d7050013a345a0","firstName":"indu","lastName":"ab","email":"indu@gmail.com","owner":"65d9883cc0d7050013a34317","__v":0},{"_id":"65d99a0ec0d7050013a343c1","firstName":"Deepa","lastName":"ac","email":"maria@gmail.com","owner":"65d9883cc0d7050013a34317","__v":0},{"_id":"65d9a468c0d7050013a34481","firstName":"Deepa","lastName":"ac","email":"maria@gmail.com","owner":"65d9883cc0d7050013a34317","__v":0},{"_id":"65d9a4ffeaa4ad00131e5c5f","firstName":"Deepa","lastName":"ac","email":"maria@gmail.com","owner":"65d9883cc0d7050013a34317","__v":0},{"_id":"65d9a5b1eaa4ad00131e5c68","firstName":"Deepa","lastName":"ac","email":"maria@gmail.com","owner":"65d9883cc0d7050013a34317","__v":0},{"_id":"65d9a60ceaa4ad00131e5c74","firstName":"Deepa","lastName":"ac","email":"maria@gmail.com","owner":"65d9883cc0d7050013a34317","__v":0},{"_id":"65d9a731eaa4ad00131e5c97","firstName":"Deepa","lastName":"ac","email":"maria@gmail.com","owner":"65d9883cc0d7050013a34317","__v":0},{"_id":"65d9a82ceaa4ad00131e5cc4","firstName":"Deepa","lastName":"ac","email":"maria@gmail.com","owner":"65d9883cc0d7050013a34317","__v":0},{"_id":"65d9a8f5eaa4ad00131e5cd0","firstName":"Deepa","lastName":"ac","email":"maria@gmail.com","owner":"65d9883cc0d7050013a34317","__v":0},{"_id":"65d9a9acc0d7050013a3451f","firstName":"Deepa","lastName":"ac","email":"maria@gmail.com","owner":"65d9883cc0d7050013a34317","__v":0},{"_id":"65d9aa3ceaa4ad00131e5ce3","firstName":"Deepa","lastName":"ac","email":"maria@gmail.com","owner":"65d9883cc0d7050013a34317","__v":0},{"_id":"65d9acf6eaa4ad00131e5d34","firstName":"Deepa","lastName":"ac","email":"maria@gmail.com","owner":"65d9883cc0d7050013a34317","__v":0},{"_id":"65d9ad04c0d7050013a3459b","firstName":"Deepa","lastName":"ac","email":"maria@gmail.com","owner":"65d9883cc0d7050013a34317","__v":0},{"_id":"65d9ad13c0d7050013a3459d","firstName":"Deepa","lastName":"ac","email":"maria@gmail.com","owner":"65d9883cc0d7050013a34317","__v":0},{"_id":"65d9c4d0c0d7050013a34703","firstName":"Deepa","lastName":"ac","email":"maria@gmail.com","owner":"65d9883cc0d7050013a34317","__v":0}]